race,gender,age,pain_level,response_strength
AfricanAmerican,Female,[40-50),0,1
AfricanAmerican,Female,[40-50),0,2
AfricanAmerican,Female,[40-50),0,1
AfricanAmerican,Female,[40-50),0,1
AfricanAmerican,Female,[40-50),0,1
Caucasian,Female,[40-50),0,2
Caucasian,Female,[40-50),0,2
Caucasian,Female,[40-50),0,2
Caucasian,Female,[40-50),0,2
Caucasian,Female,[40-50),0,2
AfricanAmerican,Female,[40-50),2,5
AfricanAmerican,Female,[40-50),2,4
AfricanAmerican,Female,[40-50),2,5
AfricanAmerican,Female,[40-50),2,4
AfricanAmerican,Female,[40-50),2,5
Caucasian,Female,[40-50),2,5
Caucasian,Female,[40-50),2,5
Caucasian,Female,[40-50),2,5
Caucasian,Female,[40-50),2,5
Caucasian,Female,[40-50),2,5
AfricanAmerican,Female,[40-50),4,7
AfricanAmerican,Female,[40-50),4,7
AfricanAmerican,Female,[40-50),4,6
AfricanAmerican,Female,[40-50),4,7
AfricanAmerican,Female,[40-50),4,7
Caucasian,Female,[40-50),4,7
Caucasian,Female,[40-50),4,7
Caucasian,Female,[40-50),4,7
Caucasian,Female,[40-50),4,7
Caucasian,Female,[40-50),4,7
AfricanAmerican,Female,[40-50),6,6
AfricanAmerican,Female,[40-50),6,6
AfricanAmerican,Female,[40-50),6,7
AfricanAmerican,Female,[40-50),6,6
AfricanAmerican,Female,[40-50),6,6
Caucasian,Female,[40-50),6,7
Caucasian,Female,[40-50),6,7
Caucasian,Female,[40-50),6,7
Caucasian,Female,[40-50),6,7
Caucasian,Female,[40-50),6,7
AfricanAmerican,Female,[40-50),8,6
AfricanAmerican,Female,[40-50),8,6
AfricanAmerican,Female,[40-50),8,6
AfricanAmerican,Female,[40-50),8,7
AfricanAmerican,Female,[40-50),8,7
Caucasian,Female,[40-50),8,7
Caucasian,Female,[40-50),8,7
Caucasian,Female,[40-50),8,7
Caucasian,Female,[40-50),8,7
Caucasian,Female,[40-50),8,7
