gender,race,pain_level,mean_response_strength,std_response_strength,count
Female,AfricanAmerican,0,1.2,0.45,5
Female,Caucasian,0,2.0,0.0,5
Female,AfricanAmerican,2,4.6,0.55,5
Female,Caucasian,2,5.0,0.0,5
Female,AfricanAmerican,4,6.8,0.45,5
Female,Caucasian,4,7.0,0.0,5
Female,AfricanAmerican,6,6.2,0.45,5
Female,Caucasian,6,7.0,0.0,5
Female,AfricanAmerican,8,6.4,0.55,5
Female,Caucasian,8,7.0,0.0,5
Male,AfricanAmerican,0,1.6,0.55,5
Male,Caucasian,0,1.6,0.55,5
Male,AfricanAmerican,2,5.0,0.0,5
Male,Caucasian,2,5.0,0.0,5
Male,AfricanAmerican,4,5.6,0.89,5
Male,Caucasian,4,7.0,0.0,5
Male,AfricanAmerican,6,6.2,0.45,5
Male,Caucasian,6,7.8,0.45,5
Male,AfricanAmerican,8,6.2,0.45,5
Male,Caucasian,8,7.0,0.0,5
